"dateid","caldate","day","week","month","qtr","year","holiday"
1828,"2008-01-02T00:00:00.000","TH ",1,"JAN  ",1,2008,false
1829,"2008-01-03T00:00:00.000","FR ",1,"JAN  ",1,2008,false
1830,"2008-01-04T00:00:00.000","SA ",2,"JAN  ",1,2008,false
1832,"2008-01-06T00:00:00.000","MO ",2,"JAN  ",1,2008,false
1833,"2008-01-07T00:00:00.000","TU ",2,"JAN  ",1,2008,false
1834,"2008-01-08T00:00:00.000","WE ",2,"JAN  ",1,2008,false
1835,"2008-01-09T00:00:00.000","TH ",2,"JAN  ",1,2008,false
1838,"2008-01-12T00:00:00.000","SU ",3,"JAN  ",1,2008,false
1839,"2008-01-13T00:00:00.000","MO ",3,"JAN  ",1,2008,false
1841,"2008-01-15T00:00:00.000","WE ",3,"JAN  ",1,2008,false
1842,"2008-01-16T00:00:00.000","TH ",3,"JAN  ",1,2008,false
1844,"2008-01-18T00:00:00.000","SA ",4,"JAN  ",1,2008,false
1848,"2008-01-22T00:00:00.000","WE ",4,"JAN  ",1,2008,false
1851,"2008-01-25T00:00:00.000","SA ",5,"JAN  ",1,2008,false
1852,"2008-01-26T00:00:00.000","SU ",5,"JAN  ",1,2008,false
1855,"2008-01-29T00:00:00.000","WE ",5,"JAN  ",1,2008,false
1857,"2008-01-31T00:00:00.000","FR ",5,"JAN  ",1,2008,false
1861,"2008-02-04T00:00:00.000","TU ",6,"FEB  ",1,2008,false
1864,"2008-02-07T00:00:00.000","FR ",6,"FEB  ",1,2008,false
1866,"2008-02-09T00:00:00.000","SU ",7,"FEB  ",1,2008,false
1867,"2008-02-10T00:00:00.000","MO ",7,"FEB  ",1,2008,false
1869,"2008-02-12T00:00:00.000","WE ",7,"FEB  ",1,2008,false
1875,"2008-02-18T00:00:00.000","TU ",8,"FEB  ",1,2008,false
1877,"2008-02-20T00:00:00.000","TH ",8,"FEB  ",1,2008,false
1879,"2008-02-22T00:00:00.000","SA ",9,"FEB  ",1,2008,false
1882,"2008-02-25T00:00:00.000","TU ",9,"FEB  ",1,2008,false
1883,"2008-02-26T00:00:00.000","WE ",9,"FEB  ",1,2008,false
1886,"2008-03-01T00:00:00.000","SA ",10,"MAR  ",1,2008,false
1887,"2008-03-02T00:00:00.000","SU ",10,"MAR  ",1,2008,false
1889,"2008-03-04T00:00:00.000","TU ",10,"MAR  ",1,2008,false
1890,"2008-03-05T00:00:00.000","WE ",10,"MAR  ",1,2008,false
1892,"2008-03-07T00:00:00.000","FR ",10,"MAR  ",1,2008,false
1895,"2008-03-10T00:00:00.000","MO ",11,"MAR  ",1,2008,false
1900,"2008-03-15T00:00:00.000","SA ",12,"MAR  ",1,2008,false
1902,"2008-03-17T00:00:00.000","MO ",12,"MAR  ",1,2008,false
1903,"2008-03-18T00:00:00.000","TU ",12,"MAR  ",1,2008,false
1909,"2008-03-24T00:00:00.000","MO ",13,"MAR  ",1,2008,false
1911,"2008-03-26T00:00:00.000","WE ",13,"MAR  ",1,2008,false
1915,"2008-03-30T00:00:00.000","SU ",14,"MAR  ",1,2008,false
1916,"2008-03-31T00:00:00.000","MO ",14,"MAR  ",1,2008,false
1919,"2008-04-03T00:00:00.000","TH ",14,"APR  ",2,2008,false
1921,"2008-04-05T00:00:00.000","SA ",15,"APR  ",2,2008,false
1922,"2008-04-06T00:00:00.000","SU ",15,"APR  ",2,2008,false
1923,"2008-04-07T00:00:00.000","MO ",15,"APR  ",2,2008,false
1926,"2008-04-10T00:00:00.000","TH ",15,"APR  ",2,2008,false
1928,"2008-04-12T00:00:00.000","SA ",16,"APR  ",2,2008,false
1929,"2008-04-13T00:00:00.000","SU ",16,"APR  ",2,2008,false
1930,"2008-04-14T00:00:00.000","MO ",16,"APR  ",2,2008,false
1932,"2008-04-16T00:00:00.000","WE ",16,"APR  ",2,2008,false
1934,"2008-04-18T00:00:00.000","FR ",16,"APR  ",2,2008,false
1935,"2008-04-19T00:00:00.000","SA ",17,"APR  ",2,2008,false
1936,"2008-04-20T00:00:00.000","SU ",17,"APR  ",2,2008,false
1937,"2008-04-21T00:00:00.000","MO ",17,"APR  ",2,2008,false
1938,"2008-04-22T00:00:00.000","TU ",17,"APR  ",2,2008,false
1939,"2008-04-23T00:00:00.000","WE ",17,"APR  ",2,2008,false
1940,"2008-04-24T00:00:00.000","TH ",17,"APR  ",2,2008,false
1941,"2008-04-25T00:00:00.000","FR ",17,"APR  ",2,2008,false
1942,"2008-04-26T00:00:00.000","SA ",18,"APR  ",2,2008,false
1946,"2008-04-30T00:00:00.000","WE ",18,"APR  ",2,2008,false
1947,"2008-05-01T00:00:00.000","TH ",18,"MAY  ",2,2008,false
1948,"2008-05-02T00:00:00.000","FR ",18,"MAY  ",2,2008,false
1950,"2008-05-04T00:00:00.000","SU ",19,"MAY  ",2,2008,false
1952,"2008-05-06T00:00:00.000","TU ",19,"MAY  ",2,2008,false
1955,"2008-05-09T00:00:00.000","FR ",19,"MAY  ",2,2008,false
1957,"2008-05-11T00:00:00.000","SU ",20,"MAY  ",2,2008,false
1959,"2008-05-13T00:00:00.000","TU ",20,"MAY  ",2,2008,false
1960,"2008-05-14T00:00:00.000","WE ",20,"MAY  ",2,2008,false
1961,"2008-05-15T00:00:00.000","TH ",20,"MAY  ",2,2008,false
1962,"2008-05-16T00:00:00.000","FR ",20,"MAY  ",2,2008,false
1965,"2008-05-19T00:00:00.000","MO ",21,"MAY  ",2,2008,false
1967,"2008-05-21T00:00:00.000","WE ",21,"MAY  ",2,2008,false
1968,"2008-05-22T00:00:00.000","TH ",21,"MAY  ",2,2008,false
1970,"2008-05-24T00:00:00.000","SA ",22,"MAY  ",2,2008,false
1975,"2008-05-29T00:00:00.000","TH ",22,"MAY  ",2,2008,false
1976,"2008-05-30T00:00:00.000","FR ",22,"MAY  ",2,2008,false
1978,"2008-06-01T00:00:00.000","SU ",23,"JUN  ",2,2008,false
1980,"2008-06-03T00:00:00.000","TU ",23,"JUN  ",2,2008,false
1982,"2008-06-05T00:00:00.000","TH ",23,"JUN  ",2,2008,false
1983,"2008-06-06T00:00:00.000","FR ",23,"JUN  ",2,2008,false
1985,"2008-06-08T00:00:00.000","SU ",24,"JUN  ",2,2008,false
1986,"2008-06-09T00:00:00.000","MO ",24,"JUN  ",2,2008,false
1993,"2008-06-16T00:00:00.000","MO ",25,"JUN  ",2,2008,false
1997,"2008-06-20T00:00:00.000","FR ",25,"JUN  ",2,2008,false
1998,"2008-06-21T00:00:00.000","SA ",26,"JUN  ",2,2008,false
2001,"2008-06-24T00:00:00.000","TU ",26,"JUN  ",2,2008,false
2003,"2008-06-26T00:00:00.000","TH ",26,"JUN  ",2,2008,false
2004,"2008-06-27T00:00:00.000","FR ",26,"JUN  ",2,2008,false
2005,"2008-06-28T00:00:00.000","SA ",27,"JUN  ",2,2008,false
2007,"2008-06-30T00:00:00.000","MO ",27,"JUN  ",2,2008,false
2010,"2008-07-03T00:00:00.000","TH ",27,"JUL  ",3,2008,false
2011,"2008-07-04T00:00:00.000","FR ",27,"JUL  ",3,2008,true
2014,"2008-07-07T00:00:00.000","MO ",28,"JUL  ",3,2008,false
2015,"2008-07-08T00:00:00.000","TU ",28,"JUL  ",3,2008,false
2016,"2008-07-09T00:00:00.000","WE ",28,"JUL  ",3,2008,false
2017,"2008-07-10T00:00:00.000","TH ",28,"JUL  ",3,2008,false
2018,"2008-07-11T00:00:00.000","FR ",28,"JUL  ",3,2008,false
2021,"2008-07-14T00:00:00.000","MO ",29,"JUL  ",3,2008,false
2022,"2008-07-15T00:00:00.000","TU ",29,"JUL  ",3,2008,false
2024,"2008-07-17T00:00:00.000","TH ",29,"JUL  ",3,2008,false
2025,"2008-07-18T00:00:00.000","FR ",29,"JUL  ",3,2008,false
2027,"2008-07-20T00:00:00.000","SU ",30,"JUL  ",3,2008,false
2028,"2008-07-21T00:00:00.000","MO ",30,"JUL  ",3,2008,false
2029,"2008-07-22T00:00:00.000","TU ",30,"JUL  ",3,2008,false
2031,"2008-07-24T00:00:00.000","TH ",30,"JUL  ",3,2008,false
2033,"2008-07-26T00:00:00.000","SA ",31,"JUL  ",3,2008,false
2038,"2008-07-31T00:00:00.000","TH ",31,"JUL  ",3,2008,false
2040,"2008-08-02T00:00:00.000","SA ",32,"AUG  ",3,2008,false
2041,"2008-08-03T00:00:00.000","SU ",32,"AUG  ",3,2008,false
2042,"2008-08-04T00:00:00.000","MO ",32,"AUG  ",3,2008,false
2044,"2008-08-06T00:00:00.000","WE ",32,"AUG  ",3,2008,false
2045,"2008-08-07T00:00:00.000","TH ",32,"AUG  ",3,2008,false
2052,"2008-08-14T00:00:00.000","TH ",33,"AUG  ",3,2008,false
2053,"2008-08-15T00:00:00.000","FR ",33,"AUG  ",3,2008,false
2054,"2008-08-16T00:00:00.000","SA ",34,"AUG  ",3,2008,false
2056,"2008-08-18T00:00:00.000","MO ",34,"AUG  ",3,2008,false
2057,"2008-08-19T00:00:00.000","TU ",34,"AUG  ",3,2008,false
2059,"2008-08-21T00:00:00.000","TH ",34,"AUG  ",3,2008,false
2063,"2008-08-25T00:00:00.000","MO ",35,"AUG  ",3,2008,false
2064,"2008-08-26T00:00:00.000","TU ",35,"AUG  ",3,2008,false
2065,"2008-08-27T00:00:00.000","WE ",35,"AUG  ",3,2008,false
2068,"2008-08-30T00:00:00.000","SA ",36,"AUG  ",3,2008,false
2072,"2008-09-03T00:00:00.000","WE ",36,"SEP  ",3,2008,false
2073,"2008-09-04T00:00:00.000","TH ",36,"SEP  ",3,2008,false
2075,"2008-09-06T00:00:00.000","SA ",37,"SEP  ",3,2008,false
2076,"2008-09-07T00:00:00.000","SU ",37,"SEP  ",3,2008,false
2077,"2008-09-08T00:00:00.000","MO ",37,"SEP  ",3,2008,false
2078,"2008-09-09T00:00:00.000","TU ",37,"SEP  ",3,2008,false
2080,"2008-09-11T00:00:00.000","TH ",37,"SEP  ",3,2008,false
2081,"2008-09-12T00:00:00.000","FR ",37,"SEP  ",3,2008,false
2082,"2008-09-13T00:00:00.000","SA ",38,"SEP  ",3,2008,false
2083,"2008-09-14T00:00:00.000","SU ",38,"SEP  ",3,2008,false
2085,"2008-09-16T00:00:00.000","TU ",38,"SEP  ",3,2008,false
2086,"2008-09-17T00:00:00.000","WE ",38,"SEP  ",3,2008,false
2088,"2008-09-19T00:00:00.000","FR ",38,"SEP  ",3,2008,false
2089,"2008-09-20T00:00:00.000","SA ",39,"SEP  ",3,2008,false
2093,"2008-09-24T00:00:00.000","WE ",39,"SEP  ",3,2008,false
2099,"2008-09-30T00:00:00.000","TU ",40,"SEP  ",3,2008,false
2100,"2008-10-01T00:00:00.000","WE ",40,"OCT  ",4,2008,false
2102,"2008-10-03T00:00:00.000","FR ",40,"OCT  ",4,2008,false
2103,"2008-10-04T00:00:00.000","SA ",41,"OCT  ",4,2008,false
2104,"2008-10-05T00:00:00.000","SU ",41,"OCT  ",4,2008,false
2105,"2008-10-06T00:00:00.000","MO ",41,"OCT  ",4,2008,false
2106,"2008-10-07T00:00:00.000","TU ",41,"OCT  ",4,2008,false
2117,"2008-10-18T00:00:00.000","SA ",43,"OCT  ",4,2008,false
2120,"2008-10-21T00:00:00.000","TU ",43,"OCT  ",4,2008,false
2125,"2008-10-26T00:00:00.000","SU ",44,"OCT  ",4,2008,false
2126,"2008-10-27T00:00:00.000","MO ",44,"OCT  ",4,2008,false
2129,"2008-10-30T00:00:00.000","TH ",44,"OCT  ",4,2008,false
2130,"2008-10-31T00:00:00.000","FR ",45,"OCT  ",4,2008,false
2137,"2008-11-07T00:00:00.000","FR ",45,"NOV  ",4,2008,false
2139,"2008-11-09T00:00:00.000","SU ",46,"NOV  ",4,2008,false
2141,"2008-11-11T00:00:00.000","TU ",46,"NOV  ",4,2008,false
2143,"2008-11-13T00:00:00.000","TH ",46,"NOV  ",4,2008,false
2144,"2008-11-14T00:00:00.000","FR ",46,"NOV  ",4,2008,false
2145,"2008-11-15T00:00:00.000","SA ",47,"NOV  ",4,2008,false
2148,"2008-11-18T00:00:00.000","TU ",47,"NOV  ",4,2008,false
2149,"2008-11-19T00:00:00.000","WE ",47,"NOV  ",4,2008,false
2150,"2008-11-20T00:00:00.000","TH ",47,"NOV  ",4,2008,false
2152,"2008-11-22T00:00:00.000","SA ",48,"NOV  ",4,2008,false
2154,"2008-11-24T00:00:00.000","MO ",48,"NOV  ",4,2008,false
2155,"2008-11-25T00:00:00.000","TU ",48,"NOV  ",4,2008,false
2156,"2008-11-26T00:00:00.000","WE ",48,"NOV  ",4,2008,false
2157,"2008-11-27T00:00:00.000","TH ",48,"NOV  ",4,2008,true
2162,"2008-12-02T00:00:00.000","TU ",49,"DEC  ",4,2008,false
2163,"2008-12-03T00:00:00.000","WE ",49,"DEC  ",4,2008,false
2164,"2008-12-04T00:00:00.000","TH ",49,"DEC  ",4,2008,false
2165,"2008-12-05T00:00:00.000","FR ",49,"DEC  ",4,2008,false
2166,"2008-12-06T00:00:00.000","SA ",50,"DEC  ",4,2008,false
2172,"2008-12-12T00:00:00.000","FR ",50,"DEC  ",4,2008,false
2173,"2008-12-13T00:00:00.000","SA ",51,"DEC  ",4,2008,false
2176,"2008-12-16T00:00:00.000","TU ",51,"DEC  ",4,2008,false
2177,"2008-12-17T00:00:00.000","WE ",51,"DEC  ",4,2008,false
2181,"2008-12-21T00:00:00.000","SU ",52,"DEC  ",4,2008,false
2185,"2008-12-25T00:00:00.000","TH ",52,"DEC  ",4,2008,true
2186,"2008-12-26T00:00:00.000","FR ",52,"DEC  ",4,2008,true
2191,"2008-12-31T00:00:00.000","WE ",53,"DEC  ",4,2008,false
1827,"2008-01-01T00:00:00.000","WE ",1,"JAN  ",1,2008,true
1831,"2008-01-05T00:00:00.000","SU ",2,"JAN  ",1,2008,false
1836,"2008-01-10T00:00:00.000","FR ",2,"JAN  ",1,2008,false
1837,"2008-01-11T00:00:00.000","SA ",3,"JAN  ",1,2008,false
1840,"2008-01-14T00:00:00.000","TU ",3,"JAN  ",1,2008,false
1843,"2008-01-17T00:00:00.000","FR ",3,"JAN  ",1,2008,false
1845,"2008-01-19T00:00:00.000","SU ",4,"JAN  ",1,2008,false
1846,"2008-01-20T00:00:00.000","MO ",4,"JAN  ",1,2008,false
1847,"2008-01-21T00:00:00.000","TU ",4,"JAN  ",1,2008,false
1849,"2008-01-23T00:00:00.000","TH ",4,"JAN  ",1,2008,false
1850,"2008-01-24T00:00:00.000","FR ",4,"JAN  ",1,2008,false
1853,"2008-01-27T00:00:00.000","MO ",5,"JAN  ",1,2008,false
1854,"2008-01-28T00:00:00.000","TU ",5,"JAN  ",1,2008,false
1856,"2008-01-30T00:00:00.000","TH ",5,"JAN  ",1,2008,false
1858,"2008-02-01T00:00:00.000","SA ",6,"FEB  ",1,2008,false
1859,"2008-02-02T00:00:00.000","SU ",6,"FEB  ",1,2008,false
1860,"2008-02-03T00:00:00.000","MO ",6,"FEB  ",1,2008,false
1862,"2008-02-05T00:00:00.000","WE ",6,"FEB  ",1,2008,false
1863,"2008-02-06T00:00:00.000","TH ",6,"FEB  ",1,2008,false
1865,"2008-02-08T00:00:00.000","SA ",7,"FEB  ",1,2008,false
1868,"2008-02-11T00:00:00.000","TU ",7,"FEB  ",1,2008,false
1870,"2008-02-13T00:00:00.000","TH ",7,"FEB  ",1,2008,false
1871,"2008-02-14T00:00:00.000","FR ",7,"FEB  ",1,2008,false
1872,"2008-02-15T00:00:00.000","SA ",8,"FEB  ",1,2008,false
1873,"2008-02-16T00:00:00.000","SU ",8,"FEB  ",1,2008,false
1874,"2008-02-17T00:00:00.000","MO ",8,"FEB  ",1,2008,false
1876,"2008-02-19T00:00:00.000","WE ",8,"FEB  ",1,2008,false
1878,"2008-02-21T00:00:00.000","FR ",8,"FEB  ",1,2008,false
1880,"2008-02-23T00:00:00.000","SU ",9,"FEB  ",1,2008,false
1881,"2008-02-24T00:00:00.000","MO ",9,"FEB  ",1,2008,false
1884,"2008-02-27T00:00:00.000","TH ",9,"FEB  ",1,2008,false
1885,"2008-02-28T00:00:00.000","FR ",9,"FEB  ",1,2008,false
1888,"2008-03-03T00:00:00.000","MO ",10,"MAR  ",1,2008,false
1891,"2008-03-06T00:00:00.000","TH ",10,"MAR  ",1,2008,false
1893,"2008-03-08T00:00:00.000","SA ",11,"MAR  ",1,2008,false
1894,"2008-03-09T00:00:00.000","SU ",11,"MAR  ",1,2008,false
1896,"2008-03-11T00:00:00.000","TU ",11,"MAR  ",1,2008,false
1897,"2008-03-12T00:00:00.000","WE ",11,"MAR  ",1,2008,false
1898,"2008-03-13T00:00:00.000","TH ",11,"MAR  ",1,2008,false
1899,"2008-03-14T00:00:00.000","FR ",11,"MAR  ",1,2008,false
1901,"2008-03-16T00:00:00.000","SU ",12,"MAR  ",1,2008,false
1904,"2008-03-19T00:00:00.000","WE ",12,"MAR  ",1,2008,false
1905,"2008-03-20T00:00:00.000","TH ",12,"MAR  ",1,2008,false
1906,"2008-03-21T00:00:00.000","FR ",12,"MAR  ",1,2008,false
1907,"2008-03-22T00:00:00.000","SA ",13,"MAR  ",1,2008,false
1908,"2008-03-23T00:00:00.000","SU ",13,"MAR  ",1,2008,false
1910,"2008-03-25T00:00:00.000","TU ",13,"MAR  ",1,2008,false
1912,"2008-03-27T00:00:00.000","TH ",13,"MAR  ",1,2008,false
1913,"2008-03-28T00:00:00.000","FR ",13,"MAR  ",1,2008,false
1914,"2008-03-29T00:00:00.000","SA ",14,"MAR  ",1,2008,false
1917,"2008-04-01T00:00:00.000","TU ",14,"APR  ",2,2008,false
1918,"2008-04-02T00:00:00.000","WE ",14,"APR  ",2,2008,false
1920,"2008-04-04T00:00:00.000","FR ",14,"APR  ",2,2008,false
1924,"2008-04-08T00:00:00.000","TU ",15,"APR  ",2,2008,false
1925,"2008-04-09T00:00:00.000","WE ",15,"APR  ",2,2008,false
1927,"2008-04-11T00:00:00.000","FR ",15,"APR  ",2,2008,false
1931,"2008-04-15T00:00:00.000","TU ",16,"APR  ",2,2008,false
1933,"2008-04-17T00:00:00.000","TH ",16,"APR  ",2,2008,false
1943,"2008-04-27T00:00:00.000","SU ",18,"APR  ",2,2008,false
1944,"2008-04-28T00:00:00.000","MO ",18,"APR  ",2,2008,false
1945,"2008-04-29T00:00:00.000","TU ",18,"APR  ",2,2008,false
1949,"2008-05-03T00:00:00.000","SA ",19,"MAY  ",2,2008,false
1951,"2008-05-05T00:00:00.000","MO ",19,"MAY  ",2,2008,false
1953,"2008-05-07T00:00:00.000","WE ",19,"MAY  ",2,2008,false
1954,"2008-05-08T00:00:00.000","TH ",19,"MAY  ",2,2008,false
1956,"2008-05-10T00:00:00.000","SA ",20,"MAY  ",2,2008,false
1958,"2008-05-12T00:00:00.000","MO ",20,"MAY  ",2,2008,false
1963,"2008-05-17T00:00:00.000","SA ",21,"MAY  ",2,2008,false
1964,"2008-05-18T00:00:00.000","SU ",21,"MAY  ",2,2008,false
1966,"2008-05-20T00:00:00.000","TU ",21,"MAY  ",2,2008,false
1969,"2008-05-23T00:00:00.000","FR ",21,"MAY  ",2,2008,false
1971,"2008-05-25T00:00:00.000","SU ",22,"MAY  ",2,2008,false
1972,"2008-05-26T00:00:00.000","MO ",22,"MAY  ",2,2008,true
1973,"2008-05-27T00:00:00.000","TU ",22,"MAY  ",2,2008,false
1974,"2008-05-28T00:00:00.000","WE ",22,"MAY  ",2,2008,false
1977,"2008-05-31T00:00:00.000","SA ",23,"MAY  ",2,2008,false
1979,"2008-06-02T00:00:00.000","MO ",23,"JUN  ",2,2008,false
1981,"2008-06-04T00:00:00.000","WE ",23,"JUN  ",2,2008,false
1984,"2008-06-07T00:00:00.000","SA ",24,"JUN  ",2,2008,false
1987,"2008-06-10T00:00:00.000","TU ",24,"JUN  ",2,2008,false
1988,"2008-06-11T00:00:00.000","WE ",24,"JUN  ",2,2008,false
1989,"2008-06-12T00:00:00.000","TH ",24,"JUN  ",2,2008,false
1990,"2008-06-13T00:00:00.000","FR ",24,"JUN  ",2,2008,false
1991,"2008-06-14T00:00:00.000","SA ",25,"JUN  ",2,2008,false
1992,"2008-06-15T00:00:00.000","SU ",25,"JUN  ",2,2008,false
1994,"2008-06-17T00:00:00.000","TU ",25,"JUN  ",2,2008,false
1995,"2008-06-18T00:00:00.000","WE ",25,"JUN  ",2,2008,false
1996,"2008-06-19T00:00:00.000","TH ",25,"JUN  ",2,2008,false
1999,"2008-06-22T00:00:00.000","SU ",26,"JUN  ",2,2008,false
2000,"2008-06-23T00:00:00.000","MO ",26,"JUN  ",2,2008,false
2002,"2008-06-25T00:00:00.000","WE ",26,"JUN  ",2,2008,false
2006,"2008-06-29T00:00:00.000","SU ",27,"JUN  ",2,2008,false
2008,"2008-07-01T00:00:00.000","TU ",27,"JUL  ",3,2008,false
2009,"2008-07-02T00:00:00.000","WE ",27,"JUL  ",3,2008,false
2012,"2008-07-05T00:00:00.000","SA ",28,"JUL  ",3,2008,false
2013,"2008-07-06T00:00:00.000","SU ",28,"JUL  ",3,2008,false
2019,"2008-07-12T00:00:00.000","SA ",29,"JUL  ",3,2008,false
2020,"2008-07-13T00:00:00.000","SU ",29,"JUL  ",3,2008,false
2023,"2008-07-16T00:00:00.000","WE ",29,"JUL  ",3,2008,false
2026,"2008-07-19T00:00:00.000","SA ",30,"JUL  ",3,2008,false
2030,"2008-07-23T00:00:00.000","WE ",30,"JUL  ",3,2008,false
2032,"2008-07-25T00:00:00.000","FR ",30,"JUL  ",3,2008,false
2034,"2008-07-27T00:00:00.000","SU ",31,"JUL  ",3,2008,false
2035,"2008-07-28T00:00:00.000","MO ",31,"JUL  ",3,2008,false
2036,"2008-07-29T00:00:00.000","TU ",31,"JUL  ",3,2008,false
2037,"2008-07-30T00:00:00.000","WE ",31,"JUL  ",3,2008,false
2039,"2008-08-01T00:00:00.000","FR ",31,"AUG  ",3,2008,false
2043,"2008-08-05T00:00:00.000","TU ",32,"AUG  ",3,2008,false
2046,"2008-08-08T00:00:00.000","FR ",32,"AUG  ",3,2008,false
2047,"2008-08-09T00:00:00.000","SA ",33,"AUG  ",3,2008,false
2048,"2008-08-10T00:00:00.000","SU ",33,"AUG  ",3,2008,false
2049,"2008-08-11T00:00:00.000","MO ",33,"AUG  ",3,2008,false
2050,"2008-08-12T00:00:00.000","TU ",33,"AUG  ",3,2008,false
2051,"2008-08-13T00:00:00.000","WE ",33,"AUG  ",3,2008,false
2055,"2008-08-17T00:00:00.000","SU ",34,"AUG  ",3,2008,false
2058,"2008-08-20T00:00:00.000","WE ",34,"AUG  ",3,2008,false
2060,"2008-08-22T00:00:00.000","FR ",34,"AUG  ",3,2008,false
2061,"2008-08-23T00:00:00.000","SA ",35,"AUG  ",3,2008,false
2062,"2008-08-24T00:00:00.000","SU ",35,"AUG  ",3,2008,false
2066,"2008-08-28T00:00:00.000","TH ",35,"AUG  ",3,2008,false
2067,"2008-08-29T00:00:00.000","FR ",35,"AUG  ",3,2008,false
2069,"2008-08-31T00:00:00.000","SU ",36,"AUG  ",3,2008,false
2070,"2008-09-01T00:00:00.000","MO ",36,"SEP  ",3,2008,true
2071,"2008-09-02T00:00:00.000","TU ",36,"SEP  ",3,2008,false
2074,"2008-09-05T00:00:00.000","FR ",36,"SEP  ",3,2008,false
2079,"2008-09-10T00:00:00.000","WE ",37,"SEP  ",3,2008,false
2084,"2008-09-15T00:00:00.000","MO ",38,"SEP  ",3,2008,false
2087,"2008-09-18T00:00:00.000","TH ",38,"SEP  ",3,2008,false
2090,"2008-09-21T00:00:00.000","SU ",39,"SEP  ",3,2008,false
2091,"2008-09-22T00:00:00.000","MO ",39,"SEP  ",3,2008,false
2092,"2008-09-23T00:00:00.000","TU ",39,"SEP  ",3,2008,false
2094,"2008-09-25T00:00:00.000","TH ",39,"SEP  ",3,2008,false
2095,"2008-09-26T00:00:00.000","FR ",39,"SEP  ",3,2008,false
2096,"2008-09-27T00:00:00.000","SA ",40,"SEP  ",3,2008,false
2097,"2008-09-28T00:00:00.000","SU ",40,"SEP  ",3,2008,false
2098,"2008-09-29T00:00:00.000","MO ",40,"SEP  ",3,2008,false
2101,"2008-10-02T00:00:00.000","TH ",40,"OCT  ",4,2008,false
2107,"2008-10-08T00:00:00.000","WE ",41,"OCT  ",4,2008,false
2108,"2008-10-09T00:00:00.000","TH ",41,"OCT  ",4,2008,false
2109,"2008-10-10T00:00:00.000","FR ",41,"OCT  ",4,2008,false
2110,"2008-10-11T00:00:00.000","SA ",42,"OCT  ",4,2008,false
2111,"2008-10-12T00:00:00.000","SU ",42,"OCT  ",4,2008,false
2112,"2008-10-13T00:00:00.000","MO ",42,"OCT  ",4,2008,false
2113,"2008-10-14T00:00:00.000","TU ",42,"OCT  ",4,2008,false
2114,"2008-10-15T00:00:00.000","WE ",42,"OCT  ",4,2008,false
2115,"2008-10-16T00:00:00.000","TH ",42,"OCT  ",4,2008,false
2116,"2008-10-17T00:00:00.000","FR ",42,"OCT  ",4,2008,false
2118,"2008-10-19T00:00:00.000","SU ",43,"OCT  ",4,2008,false
2119,"2008-10-20T00:00:00.000","MO ",43,"OCT  ",4,2008,false
2121,"2008-10-22T00:00:00.000","WE ",43,"OCT  ",4,2008,false
2122,"2008-10-23T00:00:00.000","TH ",43,"OCT  ",4,2008,false
2123,"2008-10-24T00:00:00.000","FR ",43,"OCT  ",4,2008,false
2124,"2008-10-25T00:00:00.000","SA ",44,"OCT  ",4,2008,false
2127,"2008-10-28T00:00:00.000","TU ",44,"OCT  ",4,2008,false
2128,"2008-10-29T00:00:00.000","WE ",44,"OCT  ",4,2008,false
2131,"2008-11-01T00:00:00.000","SA ",45,"NOV  ",4,2008,false
2132,"2008-11-02T00:00:00.000","SU ",45,"NOV  ",4,2008,false
2133,"2008-11-03T00:00:00.000","MO ",45,"NOV  ",4,2008,false
2134,"2008-11-04T00:00:00.000","TU ",45,"NOV  ",4,2008,false
2135,"2008-11-05T00:00:00.000","WE ",45,"NOV  ",4,2008,false
2136,"2008-11-06T00:00:00.000","TH ",45,"NOV  ",4,2008,false
2138,"2008-11-08T00:00:00.000","SA ",46,"NOV  ",4,2008,false
2140,"2008-11-10T00:00:00.000","MO ",46,"NOV  ",4,2008,false
2142,"2008-11-12T00:00:00.000","WE ",46,"NOV  ",4,2008,false
2146,"2008-11-16T00:00:00.000","SU ",47,"NOV  ",4,2008,false
2147,"2008-11-17T00:00:00.000","MO ",47,"NOV  ",4,2008,false
2151,"2008-11-21T00:00:00.000","FR ",47,"NOV  ",4,2008,false
2153,"2008-11-23T00:00:00.000","SU ",48,"NOV  ",4,2008,false
2158,"2008-11-28T00:00:00.000","FR ",48,"NOV  ",4,2008,false
2159,"2008-11-29T00:00:00.000","SA ",49,"NOV  ",4,2008,false
2160,"2008-11-30T00:00:00.000","SU ",49,"NOV  ",4,2008,false
2161,"2008-12-01T00:00:00.000","MO ",49,"DEC  ",4,2008,false
2167,"2008-12-07T00:00:00.000","SU ",50,"DEC  ",4,2008,false
2168,"2008-12-08T00:00:00.000","MO ",50,"DEC  ",4,2008,false
2169,"2008-12-09T00:00:00.000","TU ",50,"DEC  ",4,2008,false
2170,"2008-12-10T00:00:00.000","WE ",50,"DEC  ",4,2008,false
2171,"2008-12-11T00:00:00.000","TH ",50,"DEC  ",4,2008,false
2174,"2008-12-14T00:00:00.000","SU ",51,"DEC  ",4,2008,false
2175,"2008-12-15T00:00:00.000","MO ",51,"DEC  ",4,2008,false
2178,"2008-12-18T00:00:00.000","TH ",51,"DEC  ",4,2008,false
2179,"2008-12-19T00:00:00.000","FR ",51,"DEC  ",4,2008,false
2180,"2008-12-20T00:00:00.000","SA ",52,"DEC  ",4,2008,false
2182,"2008-12-22T00:00:00.000","MO ",52,"DEC  ",4,2008,false
2183,"2008-12-23T00:00:00.000","TU ",52,"DEC  ",4,2008,false
2184,"2008-12-24T00:00:00.000","WE ",52,"DEC  ",4,2008,false
2187,"2008-12-27T00:00:00.000","SA ",53,"DEC  ",4,2008,false
2188,"2008-12-28T00:00:00.000","SU ",53,"DEC  ",4,2008,false
2189,"2008-12-29T00:00:00.000","MO ",53,"DEC  ",4,2008,false
2190,"2008-12-30T00:00:00.000","TU ",53,"DEC  ",4,2008,false